,chain_id,foldseek_domain_id,foldseek_cath_code,hmm_evalue,overlap_percentage,hmm_boundaries,foldseek_boundaries,hmm_boundaries_length,foldseek_boundaries_length
0,AF-Q8N3P4-F1-model_v4,AF-Q8N3P4-F1-model_v4_TED01,2.130.10.10,1.4e-09,48.03,93-328,134-498,236,365
1,AF-Q9BXT8-F1-model_v4,AF-Q9BXT8-F1-model_v4_TED03,2.40.50.90,4.9e-07,43.42,554-653,418-494_503-652,100,227
2,AF-A0A6Q8PHD2-F1-model_v4,AF-A0A6Q8PHD2-F1-model_v4_TED01,1.25.10.10,9.6e-06,46.95,68-329,82-204,262,123
3,AF-A0A2R8YFD9-F1-model_v4,AF-A0A2R8YFD9-F1-model_v4_TED01,3.40.930.10,2.7e-07,45.74,192-316,66-73_94-168_177-293,125,200
4,AF-Q13023-F1-model_v4,AF-Q13023-F1-model_v4_TED03,1.20.58.60,1.8e-09,44.73,959-1195,963-1068,237,106
5,AF-A0A2R8Y511-F1-model_v4,AF-A0A2R8Y511-F1-model_v4_TED02,1.25.10.10,4.5e-09,48.86,73-148_182-344,157-204_224-329,239,154
6,AF-Q9ULM0-F1-model_v4,AF-Q9ULM0-F1-model_v4_TED03,1.20.80.10,1.2e-09,49.33,1097-1222,998-1149_1164-1221,126,210
7,AF-Q5VU97-F1-model_v4,AF-Q5VU97-F1-model_v4_TED01,3.30.450.20,3.2e-10,48.12,698-812,40-79_617-815,115,239
8,AF-A8K2U0-F1-model_v4,AF-A8K2U0-F1-model_v4_TED03,2.60.40.1940,2e-10,49.34,216-336,217-267_275-352_354-445,121,221
9,AF-Q13023-F1-model_v4,AF-Q13023-F1-model_v4_TED04,1.20.58.60,1.8e-09,45.15,959-1195,1075-1226,237,152
10,AF-Q5JTW2-F1-model_v4,AF-Q5JTW2-F1-model_v4_TED01,3.80.10.10,1.5e-13,49.47,42-209,42-52_70-81_93-324,168,255
11,AF-A0A087X2E7-F1-model_v4,AF-A0A087X2E7-F1-model_v4_TED02,1.10.287.70,1.5e-12,45.39,104-372,250-374,269,125
12,AF-P10721-F1-model_v4,AF-P10721-F1-model_v4_TED04,2.60.40.10,1.3e-17,50.0,309-411,312-508,103,197
13,AF-Q5TA05-F1-model_v4,AF-Q5TA05-F1-model_v4_TED01,2.130.10.10,6.4e-17,42.95,26-200_252-372,24-153,296,130
14,AF-P01023-F1-model_v4,AF-P01023-F1-model_v4_TED04,2.60.40.1930,8e-19,47.47,458-563,347-560,106,214
15,AF-P54296-F1-model_v4,AF-P54296-F1-model_v4_TED01,2.60.40.10,3e-16,48.97,146-250,154-248_275-363,105,184
16,AF-H0Y9A4-F1-model_v4,AF-H0Y9A4-F1-model_v4_TED01,1.25.40.10,1.4e-11,45.09,5-225,2-105,221,104
17,AF-Q9NPJ1-F1-model_v4,AF-Q9NPJ1-F1-model_v4_TED01,1.10.560.10,2.7e-13,48.48,369-570,12-139_409-568,202,288
18,AF-E9PEK4-F1-model_v4,AF-E9PEK4-F1-model_v4_TED04,2.60.40.10,3.3e-17,49.51,299-400,300-502,102,203
19,AF-H3BTQ3-F1-model_v4,AF-H3BTQ3-F1-model_v4_TED01,1.20.1250.20,5.1e-14,45.07,24-427,22-206,404,185
20,AF-A0A1W2PNH9-F1-model_v4,AF-A0A1W2PNH9-F1-model_v4_TED02,1.10.287.70,2.5e-30,45.13,171-396,294-395,226,102
21,AF-F5H127-F1-model_v4,AF-F5H127-F1-model_v4_TED01,1.20.1420.30,1.3e-29,45.7,490-633,448-622_908-1012,144,280
22,AF-Q15392-F1-model_v4,AF-Q15392-F1-model_v4_TED01,3.30.465.10,1.8000000000000003e-27,44.23,120-321,62-234,202,173
23,AF-Q9HC58-F1-model_v4,AF-Q9HC58-F1-model_v4_TED01,1.20.1420.30,1.2e-30,48.43,441-630,102-261_461-631,190,331
24,AF-F8W9L4-F1-model_v4,AF-F8W9L4-F1-model_v4_TED04,3.30.200.20,5.2e-26,44.67,450-558,471-646,109,176
25,AF-Q5SVJ7-F1-model_v4,AF-Q5SVJ7-F1-model_v4_TED02,1.10.287.70,2.8e-30,44.89,172-396,295-395,225,101
26,AF-Q9P2K8-F1-model_v4,AF-Q9P2K8-F1-model_v4_TED03,1.10.510.10,1.1e-30,47.68,325-568,267-468,244,202
27,AF-Q9BXL6-F1-model_v4,AF-Q9BXL6-F1-model_v4_TED03,2.30.30.40,3.3e-25,43.48,675-795,571-756_769-786_810-814,121,209
28,AF-Q6P3W7-F1-model_v4,AF-Q6P3W7-F1-model_v4_TED01,1.10.510.10,5e-25,47.83,138-291,7-328,154,322
29,AF-H0YF72-F1-model_v4,AF-H0YF72-F1-model_v4_TED01,2.130.10.10,1.3e-26,45.16,141-299,160-450,159,291
30,AF-A0A7P0T984-F1-model_v4,AF-A0A7P0T984-F1-model_v4_TED04,3.30.300.330,1.2e-33,43.91,510-617,388-610,108,223
31,AF-E5RIL2-F1-model_v4,AF-E5RIL2-F1-model_v4_TED01,3.30.420.10,8.9e-37,49.49,105-208,13-201,104,189
32,AF-A0A6Q8PGL5-F1-model_v4,AF-A0A6Q8PGL5-F1-model_v4_TED04,2.120.10.30,9.699999999999999e-38,49.12,457-609,471-739,153,269
33,AF-P52306-F1-model_v4,AF-P52306-F1-model_v4_TED03,1.25.10.10,2.2e-32,43.84,243-607,273-432,365,160
34,AF-M0R2R3-F1-model_v4,AF-M0R2R3-F1-model_v4_TED01,3.40.50.720,2.2e-39,43.83,88-246,12-163_196-222,159,179
35,AF-A0A2R8YEL0-F1-model_v4,AF-A0A2R8YEL0-F1-model_v4_TED03,3.30.300.330,1.3e-33,43.91,510-617,388-610,108,223
36,AF-J3QQS9-F1-model_v4,AF-J3QQS9-F1-model_v4_TED02,1.20.1250.20,4.3000000000000004e-32,42.32,15-385,219-375,371,157
37,AF-P0CG39-F1-model_v4,AF-P0CG39-F1-model_v4_TED01,1.25.40.20,3.2e-33,48.36,198-380,106-330,183,225
38,AF-E9PLY0-F1-model_v4,AF-E9PLY0-F1-model_v4_TED02,1.20.58.60,1.5e-33,49.1,584-698,477-692,115,216
39,AF-A0A6Q8PFV0-F1-model_v4,AF-A0A6Q8PFV0-F1-model_v4_TED04,2.120.10.30,9.3e-38,49.12,440-592,454-722,153,269
40,AF-E2QRF0-F1-model_v4,AF-E2QRF0-F1-model_v4_TED03,3.90.70.10,2.2e-46,47.09,421-766,357-388_553-605_618-709_733-765,346,210
41,AF-A0A804HJU8-F1-model_v4,AF-A0A804HJU8-F1-model_v4_TED03,1.20.58.60,5.2e-43,45.81,464-586,384-556,123,173
42,AF-Q16572-F1-model_v4,AF-Q16572-F1-model_v4_TED01,1.20.1250.20,1.1e-44,47.43,25-71_124-475,21-64_118-277,399,204
43,AF-A0A024RCG2-F1-model_v4,AF-A0A024RCG2-F1-model_v4_TED01,1.20.1250.20,5.3999999999999993e-42,46.29,16-419,20-206,404,187
44,AF-Q7LC14-F1-model_v4,AF-Q7LC14-F1-model_v4_TED01,1.25.40.20,2.5e-50,41.95,113-344,109-211,232,103
45,AF-D6REA1-F1-model_v4,AF-D6REA1-F1-model_v4_TED01,1.25.10.10,3.7e-45,46.73,162-467,163-305,306,143
46,AF-O00221-F1-model_v4,AF-O00221-F1-model_v4_TED01,1.25.40.20,5.9e-50,43.04,252-483,247-353,232,107
47,AF-Q96BI1-F1-model_v4,AF-Q96BI1-F1-model_v4_TED01,1.20.1250.20,5.3999999999999993e-42,45.79,16-419,23-207,404,185
48,AF-P01138-F1-model_v4,AF-P01138-F1-model_v4_TED01,2.10.90.10,1.6999999999999998e-42,42.77,122-241,56-94_135-181_208-228,120,107
49,AF-A0A7I2YQ74-F1-model_v4,AF-A0A7I2YQ74-F1-model_v4_TED02,3.90.550.10,3.6e-45,47.35,211-347,65-344,137,280
50,AF-E9PKR7-F1-model_v4,AF-E9PKR7-F1-model_v4_TED01,2.130.10.10,5.7e-70,48.5,1-334,2-163,334,162
51,AF-A6NIV6-F1-model_v4,AF-A6NIV6-F1-model_v4_TED01,3.80.10.10,2.9999999999999996e-60,44.57,111-382,260-386,272,127
52,AF-O60488-F1-model_v4,AF-O60488-F1-model_v4_TED02,3.40.50.12780,3.4e-86,47.35,80-394_436-572,80-293,452,214
53,AF-Q9BZR6-F1-model_v4,AF-Q9BZR6-F1-model_v4_TED02,3.80.10.10,9.899999999999999e-92,46.42,24-344,167-315,321,149
54,AF-J3QLD1-F1-model_v4,AF-J3QLD1-F1-model_v4_TED01,1.25.40.180,8.900000000000001e-56,48.21,67-290,79-186,224,108
55,AF-A0A7P0TB52-F1-model_v4,AF-A0A7P0TB52-F1-model_v4_TED02,3.40.50.12780,5e-84,45.13,89-403_445-581,90-118_127-301,452,204
56,AF-A0A7I2V613-F1-model_v4,AF-A0A7I2V613-F1-model_v4_TED01,2.130.10.10,2.1e-76,48.01,1-302,2-146,302,145
57,AF-Q8NF86-F1-model_v4,AF-Q8NF86-F1-model_v4_TED02,2.40.10.10,2.1e-78,43.7,27-280,159-269,254,111
58,AF-Q9P283-F1-model_v4,AF-Q9P283-F1-model_v4_TED01,2.130.10.10,3.8e-154,47.16,98-555,236-252_261-274_283-467,458,216
59,AF-Q9H015-F1-model_v4,AF-Q9H015-F1-model_v4_TED03,1.20.1250.20,7.7e-64,48.17,117-524,328-525,408,198
60,AF-A0A7P0T962-F1-model_v4,AF-A0A7P0T962-F1-model_v4_TED01,1.25.40.10,6e-08,56.0,728-835,752-877,108,126
61,AF-A0A804HKR4-F1-model_v4,AF-A0A804HKR4-F1-model_v4_TED03,1.20.58.60,6.7e-07,56.84,479-586,379-417_436-586,108,190
62,AF-J3KQ21-F1-model_v4,AF-J3KQ21-F1-model_v4_TED01,1.25.40.20,2.8e-10,54.27,562-712,426-438_608-696,151,102
63,AF-Q7Z4L5-F1-model_v4,AF-Q7Z4L5-F1-model_v4_TED02,1.25.40.10,6.4e-08,56.95,765-874,789-915,110,127
64,AF-A0A6Q8PFB1-F1-model_v4,AF-A0A6Q8PFB1-F1-model_v4_TED01,3.40.250.10,3.9e-09,54.86,162-267,47-83_172-278_298-318,106,165
65,AF-A0A0G2JPF3-F1-model_v4,AF-A0A0G2JPF3-F1-model_v4_TED01,3.50.30.30,5e-09,56.41,59-179,24-72_90-131_146-177,121,123
66,AF-P21580-F1-model_v4,AF-P21580-F1-model_v4_TED01,3.90.70.80,1.1e-08,59.52,72-271,11-346,200,336
67,AF-A0A2R8Y7S1-F1-model_v4,AF-A0A2R8Y7S1-F1-model_v4_TED01,3.40.930.10,2.8e-07,54.84,169-293,90-126_133-141_154-270,125,163
68,AF-A0A0G2JMD5-F1-model_v4,AF-A0A0G2JMD5-F1-model_v4_TED02,3.80.10.10,3e-09,53.45,49-423,186-243_265-454,375,248
69,AF-Q8IUH8-F1-model_v4,AF-Q8IUH8-F1-model_v4_TED01,3.50.30.30,5e-09,56.41,59-179,24-72_89-131_147-177,121,123
70,AF-Q8IWY4-F1-model_v4,AF-Q8IWY4-F1-model_v4_TED06,2.60.120.290,4.3e-19,59.07,801-914,793-985,114,193
71,AF-A0A2R8Y5Q8-F1-model_v4,AF-A0A2R8Y5Q8-F1-model_v4_TED02,3.80.10.10,7.5e-19,56.61,248-398,131-141_159-174_184-384,151,228
72,AF-E7ETH0-F1-model_v4,AF-E7ETH0-F1-model_v4_TED02,3.10.250.10,1.3e-16,52.02,111-216,114-291_311-327,106,195
73,AF-Q5VYJ5-F1-model_v4,AF-Q5VYJ5-F1-model_v4_TED02,2.60.120.200,2.1e-19,52.63,249-434,268-427_728-796_807-855,186,278
74,AF-O43861-F1-model_v4,AF-O43861-F1-model_v4_TED04,3.40.1110.10,9e-11,59.24,588-712,481-508_538-558_581-742,125,211
75,AF-D6R9P6-F1-model_v4,AF-D6R9P6-F1-model_v4_TED01,2.130.10.10,1.9e-17,52.89,15-197,3-348,183,346
76,AF-Q9H993-F1-model_v4,AF-Q9H993-F1-model_v4_TED02,3.40.50.10880,4.5e-17,55.93,222-386,145-439,165,295
77,AF-F8WD03-F1-model_v4,AF-F8WD03-F1-model_v4_TED03,2.60.40.10,7.6e-17,56.36,310-360_421-474,317-469,105,153
78,AF-A0A2R8YEP4-F1-model_v4,AF-A0A2R8YEP4-F1-model_v4_TED01,3.40.50.720,2e-16,53.23,144-245,6-89_144-242,102,183
79,AF-Q9P2H3-F1-model_v4,AF-Q9P2H3-F1-model_v4_TED01,2.130.10.10,2.3e-15,57.38,4-174,3-300,171,298
80,AF-H7C013-F1-model_v4,AF-H7C013-F1-model_v4_TED01,1.10.246.10,5.600000000000001e-27,59.41,27-133,33-196,107,164
81,AF-Q15678-F1-model_v4,AF-Q15678-F1-model_v4_TED01,1.20.80.10,1.5e-28,59.04,101-212,25-211,112,187
82,AF-Q16825-F1-model_v4,AF-Q16825-F1-model_v4_TED01,1.20.80.10,1.5e-28,56.48,105-215,23-213,111,191
83,AF-A0A2R8Y4F5-F1-model_v4,AF-A0A2R8Y4F5-F1-model_v4_TED01,3.90.226.10,3.2e-23,59.79,26-154,42-214,129,173
84,AF-E5RJ29-F1-model_v4,AF-E5RJ29-F1-model_v4_TED02,2.30.29.30,9.6e-30,53.68,714-837,702-932,124,231
85,AF-Q0IIM8-F1-model_v4,AF-Q0IIM8-F1-model_v4_TED04,1.10.8.270,1.9000000000000002e-29,59.76,503-604,436-603,102,168
86,AF-Q8TD19-F1-model_v4,AF-Q8TD19-F1-model_v4_TED03,2.130.10.30,8.7e-22,51.87,572-783,349-377_616-740,212,154
87,AF-A0A804HI09-F1-model_v4,AF-A0A804HI09-F1-model_v4_TED01,2.70.150.10,5.5000000000000005e-21,54.17,134-225_264-301,171-299,130,129
88,AF-P11717-F1-model_v4,AF-P11717-F1-model_v4_TED01,2.70.130.10,2.5e-27,56.02,37-167,47-173_365-375_395-462,131,206
89,AF-Q7Z5U6-F1-model_v4,AF-Q7Z5U6-F1-model_v4_TED01,2.130.10.10,2.5e-26,58.1,4-201,4-181_197-276_314-355,198,300
90,AF-Q8N0X2-F1-model_v4,AF-Q8N0X2-F1-model_v4_TED02,2.130.10.10,5.3e-36,55.9,471-631,344-631,161,288
91,AF-A0A3F2YNY7-F1-model_v4,AF-A0A3F2YNY7-F1-model_v4_TED01,3.30.160.40,1.2e-35,51.05,234-355,21-113_210-355,122,239
92,AF-I3NI28-F1-model_v4,AF-I3NI28-F1-model_v4_TED01,2.40.10.10,7e-38,56.63,22-160,48-141_164-190,139,121
93,AF-P59827-F1-model_v4,AF-P59827-F1-model_v4_TED01,3.15.10.10,1.7e-35,57.83,160-360,27-55_220-352,201,162
94,AF-Q9P0K7-F1-model_v4,AF-Q9P0K7-F1-model_v4_TED01,1.25.40.20,1.9e-33,52.03,1-144,17-246,144,230
95,AF-C9JTQ0-F1-model_v4,AF-C9JTQ0-F1-model_v4_TED01,1.25.40.20,3.9000000000000004e-33,53.65,8-193,2-110,186,109
96,AF-Q99542-F1-model_v4,AF-Q99542-F1-model_v4_TED03,2.110.10.10,1.6e-31,59.9,279-410,296-470,132,175
97,AF-A0A6Q8PEY9-F1-model_v4,AF-A0A6Q8PEY9-F1-model_v4_TED02,2.120.10.30,3.4e-35,55.6,226-355,124-354,130,231
98,AF-C9JH19-F1-model_v4,AF-C9JH19-F1-model_v4_TED01,2.40.70.10,4.6e-34,52.51,60-162,23-35_69-225,103,170
99,AF-E9PKY2-F1-model_v4,AF-E9PKY2-F1-model_v4_TED02,1.10.1410.10,4e-35,53.95,475-653,350-638,179,289
100,AF-A0A1X7SBS6-F1-model_v4,AF-A0A1X7SBS6-F1-model_v4_TED03,2.60.120.10,4.2e-50,58.76,521-697,571-674,177,104
101,AF-O00221-F1-model_v4,AF-O00221-F1-model_v4_TED02,1.25.40.20,5.9e-50,51.29,252-483,363-481,232,119
102,AF-A0A3B3ITW5-F1-model_v4,AF-A0A3B3ITW5-F1-model_v4_TED01,1.20.1560.10,3.8e-45,52.16,42-382,38-379_791-829_845-1108,341,645
103,AF-A0A590UJM5-F1-model_v4,AF-A0A590UJM5-F1-model_v4_TED01,1.25.40.410,7.199999999999999e-48,57.61,41-185,2-146,145,145
104,AF-A0A087WSZ2-F1-model_v4,AF-A0A087WSZ2-F1-model_v4_TED01,1.10.418.10,3.4e-47,51.28,197-316,90-323,120,234
105,AF-O75369-F1-model_v4,AF-O75369-F1-model_v4_TED01,1.10.418.10,7e-41,51.25,1-126,4-240,126,237
106,AF-Q5SZC6-F1-model_v4,AF-Q5SZC6-F1-model_v4_TED02,3.20.20.140,1.8e-44,52.17,160-309,34-303,150,270
107,AF-Q5T440-F1-model_v4,AF-Q5T440-F1-model_v4_TED01,3.30.1360.120,3.0999999999999997e-46,58.5,43-348,49-227,306,179
108,AF-E9PPU7-F1-model_v4,AF-E9PPU7-F1-model_v4_TED01,3.40.50.300,9.3e-46,55.81,2-259,27-150_240-259,258,144
109,AF-Q86SG6-F1-model_v4,AF-Q86SG6-F1-model_v4_TED02,2.130.10.30,7e-45,56.27,311-545,313-359_382-685,235,351
110,AF-A0A5F9UKL4-F1-model_v4,AF-A0A5F9UKL4-F1-model_v4_TED03,3.40.50.300,1.3e-73,59.81,381-697,384-390_513-701,317,196
111,AF-A0A1W2PR68-F1-model_v4,AF-A0A1W2PR68-F1-model_v4_TED01,3.40.50.720,4e-121,59.61,224-530,227-409,307,183
112,AF-B3KTY4-F1-model_v4,AF-B3KTY4-F1-model_v4_TED03,3.80.10.10,1.9e-60,55.19,340-580,445-577,241,133
113,AF-A0A7P0Z4P3-F1-model_v4,AF-A0A7P0Z4P3-F1-model_v4_TED01,3.40.640.10,1e-159,53.35,1-343,131-313,343,183
114,AF-H0YJF7-F1-model_v4,AF-H0YJF7-F1-model_v4_TED02,1.10.510.10,8.2e-107,52.78,1-396,136-344,396,209
115,AF-C9JMV9-F1-model_v4,AF-C9JMV9-F1-model_v4_TED02,3.40.630.10,1.7e-54,59.47,121-297,136-292_415-501,177,244
116,AF-E9PLY0-F1-model_v4,AF-E9PLY0-F1-model_v4_TED03,1.20.58.60,2.9e-61,53.11,739-972,732-866,234,135
117,AF-P15313-F1-model_v4,AF-P15313-F1-model_v4_TED02,3.40.50.12240,8.1e-170,59.02,32-502,117-211_218-400,471,278
118,AF-C9JTY4-F1-model_v4,AF-C9JTY4-F1-model_v4_TED01,1.20.1560.10,1.2999999999999999e-61,51.83,113-413,120-275,301,156
119,AF-R4GMP9-F1-model_v4,AF-R4GMP9-F1-model_v4_TED01,3.50.50.60,1.1e-73,52.96,1-287,25-108_217-284,287,152
120,AF-A0A087WTU7-F1-model_v4,AF-A0A087WTU7-F1-model_v4_TED02,1.20.58.60,6.3e-07,66.26,479-586,379-415_461-586,108,163
121,AF-G3V533-F1-model_v4,AF-G3V533-F1-model_v4_TED01,1.20.58.60,8.3e-06,68.48,371-503,333-434_442-516,133,177
122,AF-Q99973-F1-model_v4,AF-Q99973-F1-model_v4_TED08,2.130.10.10,1.3e-06,67.72,2439-2627,2457-2498_2542-2627,189,128
123,AF-P40238-F1-model_v4,AF-P40238-F1-model_v4_TED02,2.60.40.10,5.1e-08,69.84,133-177_227-288,134-196_238-281,107,107
124,AF-Q5W0C6-F1-model_v4,AF-Q5W0C6-F1-model_v4_TED01,3.40.50.300,4.2e-08,65.0,15-174,52-146_158-166,160,104
125,AF-A0A6Q8PG60-F1-model_v4,AF-A0A6Q8PG60-F1-model_v4_TED01,3.40.250.10,3.7e-09,66.17,162-273,59-79_167-254,112,109
126,AF-Q9BZZ2-F1-model_v4,AF-Q9BZZ2-F1-model_v4_TED04,2.60.40.10,1.5e-07,64.71,409-509,410-508_924-975,101,151
127,AF-Q8NA66-F1-model_v4,AF-Q8NA66-F1-model_v4_TED01,2.60.120.10,5.4e-07,69.27,135-307,129-213_256-300,173,130
128,AF-A0A1B0GTK0-F1-model_v4,AF-A0A1B0GTK0-F1-model_v4_TED01,3.30.710.10,5.5e-09,63.24,85-204,116-201_215-230,120,102
129,AF-P06133-F1-model_v4,AF-P06133-F1-model_v4_TED01,3.40.50.2000,1.2e-07,63.16,25-205,26-281_456-483,181,284
130,AF-Q4G0N8-F1-model_v4,AF-Q4G0N8-F1-model_v4_TED05,2.60.120.10,3e-14,62.36,839-1016,863-923_941-990,178,111
131,AF-O94819-F1-model_v4,AF-O94819-F1-model_v4_TED01,3.30.710.10,2.2e-17,64.58,139-271,128-231,133,104
132,AF-H0Y696-F1-model_v4,AF-H0Y696-F1-model_v4_TED02,2.30.29.30,1.7e-11,68.71,120-266,136-236,147,101
133,AF-M0R1V6-F1-model_v4,AF-M0R1V6-F1-model_v4_TED04,1.20.58.60,2.4e-13,62.5,559-681,506-556_563-616_626-683,123,163
134,AF-A0A6Q8PG76-F1-model_v4,AF-A0A6Q8PG76-F1-model_v4_TED03,2.30.29.30,6.4e-11,68.86,577-714,548-691,138,144
135,AF-Q4VNC0-F1-model_v4,AF-Q4VNC0-F1-model_v4_TED04,3.40.1110.10,2.9e-13,69.7,551-688,498-695,138,198
136,AF-Q8IZF3-F1-model_v4,AF-Q8IZF3-F1-model_v4_TED01,2.60.220.50,5.9e-11,64.5,206-380,93-101_131-306_313-383,175,256
137,AF-A0A1W2PR94-F1-model_v4,AF-A0A1W2PR94-F1-model_v4_TED03,2.60.220.30,2.1e-17,63.32,423-621,444-518_563-613,199,126
138,AF-Q96N46-F1-model_v4,AF-Q96N46-F1-model_v4_TED03,1.25.40.10,6.6e-20,64.08,287-492,303-434,206,132
139,AF-H7BZ97-F1-model_v4,AF-H7BZ97-F1-model_v4_TED01,2.60.40.1530,3.6e-14,61.39,60-176,19-68_84-171,117,138
140,AF-Q9P212-F1-model_v4,AF-Q9P212-F1-model_v4_TED01,1.10.840.10,8.6e-30,62.33,506-805,521-560_594-723_765-781,300,187
141,AF-Q9UIG0-F1-model_v4,AF-Q9UIG0-F1-model_v4_TED04,1.20.920.10,1.2e-26,68.75,1302-1461,1336-1445,160,110
142,AF-A0A804HKJ6-F1-model_v4,AF-A0A804HKJ6-F1-model_v4_TED01,2.170.270.10,2.9e-24,62.35,163-405,219-237_266-417,243,171
143,AF-Q04656-F1-model_v4,AF-Q04656-F1-model_v4_TED09,3.40.50.1000,5.7e-24,62.66,1026-1049_1230-1355,1013-1050_1234-1424,150,229
144,AF-Q99250-F1-model_v4,AF-Q99250-F1-model_v4_TED02,1.10.287.70,2.3e-26,67.06,235-288_360-475,248-273_367-454,170,114
145,AF-H3BPG7-F1-model_v4,AF-H3BPG7-F1-model_v4_TED01,3.40.50.150,1.2e-30,67.15,1-103,12-137,103,126
146,AF-Q9HBL6-F1-model_v4,AF-Q9HBL6-F1-model_v4_TED01,3.80.10.10,1.7e-26,61.59,19-122,22-182,104,161
147,AF-P34820-F1-model_v4,AF-P34820-F1-model_v4_TED01,2.60.120.970,3.6999999999999996e-30,64.88,31-272,99-255,242,157
148,AF-Q9HA65-F1-model_v4,AF-Q9HA65-F1-model_v4_TED02,1.10.472.80,4.1e-24,61.46,447-581,191-204_271-311_456-596,135,196
149,AF-A0A804HKN1-F1-model_v4,AF-A0A804HKN1-F1-model_v4_TED03,3.40.1110.10,7.200000000000001e-21,67.41,500-650,438-454_476-682,151,224
150,AF-A0A1X7SBS6-F1-model_v4,AF-A0A1X7SBS6-F1-model_v4_TED01,3.30.450.20,5.3e-37,67.04,3-136,17-162_176-194,134,165
151,AF-Q9NVV4-F1-model_v4,AF-Q9NVV4-F1-model_v4_TED01,1.10.1410.10,5.4e-40,69.65,332-522,349-397_432-532,191,150
152,AF-F2Z2C8-F1-model_v4,AF-F2Z2C8-F1-model_v4_TED01,3.90.1480.20,5.1e-33,69.52,24-233,76-221,210,146
153,AF-Q07890-F1-model_v4,AF-Q07890-F1-model_v4_TED03,2.30.29.30,1.8e-33,68.0,418-527,414-475_484-563,110,142
154,AF-A0A7I2V430-F1-model_v4,AF-A0A7I2V430-F1-model_v4_TED03,3.40.50.300,1e-36,62.5,441-646,399-582_612-624,206,197
155,AF-C9J9C2-F1-model_v4,AF-C9J9C2-F1-model_v4_TED01,1.10.10.1200,3.5e-35,65.44,79-191,103-214,113,112
156,AF-P63130-F1-model_v4,AF-P63130-F1-model_v4_TED02,1.10.375.10,6.7e-36,66.49,253-430,308-437,178,130
157,AF-O75369-F1-model_v4,AF-O75369-F1-model_v4_TED12,2.60.40.10,5.1e-35,61.01,1609-1726,1568-1705,118,138
158,AF-F5GXT2-F1-model_v4,AF-F5GXT2-F1-model_v4_TED02,2.60.40.150,3.5000000000000003e-31,69.59,132-267,120-234,136,115
159,AF-A5PKW4-F1-model_v4,AF-A5PKW4-F1-model_v4_TED01,1.10.1000.11,2.7e-38,69.01,599-716,553-723,118,171
160,AF-A0A6Q8PGG1-F1-model_v4,AF-A0A6Q8PGG1-F1-model_v4_TED02,3.40.850.10,2.7000000000000003e-43,66.51,196-373,213-353_404-437,178,175
161,AF-H0Y5T2-F1-model_v4,AF-H0Y5T2-F1-model_v4_TED01,2.30.42.10,2.7e-44,63.7,29-153,39-62_85-174,125,114
162,AF-A0A286YF28-F1-model_v4,AF-A0A286YF28-F1-model_v4_TED01,1.20.58.70,1.9000000000000002e-43,63.45,1-126,2-197,126,196
163,AF-G8JLL2-F1-model_v4,AF-G8JLL2-F1-model_v4_TED01,3.40.50.1820,9.5e-43,69.18,35-180,40-140,146,101
164,AF-A0A7I2V552-F1-model_v4,AF-A0A7I2V552-F1-model_v4_TED02,1.20.1050.20,8.900000000000001e-47,67.8,113-289,167-286,177,120
165,AF-A8MYT4-F1-model_v4,AF-A8MYT4-F1-model_v4_TED04,3.30.1010.10,5.3e-47,64.94,470-623,470-515_523-576,154,100
166,AF-B7Z6D5-F1-model_v4,AF-B7Z6D5-F1-model_v4_TED02,3.40.50.300,1.2e-44,63.9,406-681,405-582,276,178
167,AF-O15211-F1-model_v4,AF-O15211-F1-model_v4_TED01,1.20.870.10,2.5e-48,67.43,42-214,97-216,173,120
168,AF-S4R433-F1-model_v4,AF-S4R433-F1-model_v4_TED01,3.40.630.10,1.4e-48,68.93,43-191,15-164,149,150
169,AF-P32856-F1-model_v4,AF-P32856-F1-model_v4_TED01,1.20.58.70,1.1e-46,63.37,24-156,29-225,133,197
170,AF-Q96RT1-F1-model_v4,AF-Q96RT1-F1-model_v4_TED01,3.80.10.10,5.599999999999999e-54,68.8,14-247,21-181,234,161
171,AF-H0YMF8-F1-model_v4,AF-H0YMF8-F1-model_v4_TED01,1.10.3430.10,3.3e-116,69.7,1-330,11-240,330,230
172,AF-Q9HB14-F1-model_v4,AF-Q9HB14-F1-model_v4_TED02,1.10.287.70,9.8e-64,63.89,12-299,91-167_192-298,288,184
173,AF-P28749-F1-model_v4,AF-P28749-F1-model_v4_TED04,1.10.472.10,2.0999999999999997e-68,67.54,746-886_923-972,567-598_782-891_924-972,191,191
174,AF-K7EL04-F1-model_v4,AF-K7EL04-F1-model_v4_TED02,1.10.510.10,9.300000000000001e-79,63.47,1-271,87-154_167-270,271,172
175,AF-Q9H2F3-F1-model_v4,AF-Q9H2F3-F1-model_v4_TED01,3.40.50.720,5.5e-63,65.94,1-367,11-198_229-263_332-350,367,242
176,AF-A0A6Q8PFW4-F1-model_v4,AF-A0A6Q8PFW4-F1-model_v4_TED03,1.20.58.2220,1.4000000000000002e-56,69.58,464-749,482-680,286,199
177,AF-O43148-F1-model_v4,AF-O43148-F1-model_v4_TED01,3.40.50.150,2.8e-107,68.75,164-415_447-476,146-320_372-419_468-475,282,231
178,AF-H0YCR7-F1-model_v4,AF-H0YCR7-F1-model_v4_TED01,3.80.10.10,1.8000000000000001e-65,69.83,1-232,55-64_77-228,232,162
179,AF-Q8WUS8-F1-model_v4,AF-Q8WUS8-F1-model_v4_TED01,3.40.50.720,8.6e-65,68.63,1-357,11-194_222-263_325-343,357,245
180,AF-Q9NPG4-F1-model_v4,AF-Q9NPG4-F1-model_v4_TED06,2.60.40.60,2e-09,79.59,564-710,565-592_615-703,147,117
181,AF-Q6PCB7-F1-model_v4,AF-Q6PCB7-F1-model_v4_TED04,3.30.300.30,1.1e-07,80.0,508-620,513-642,113,130
182,AF-B7Z879-F1-model_v4,AF-B7Z879-F1-model_v4_TED01,2.130.10.10,2.5e-06,71.57,62-283,17-22_34-280_297-346,222,303
183,AF-K7EQV4-F1-model_v4,AF-K7EQV4-F1-model_v4_TED01,3.60.21.10,1e-09,79.7,46-178,73-178,133,106
184,AF-A0A6Q8PGT4-F1-model_v4,AF-A0A6Q8PGT4-F1-model_v4_TED02,2.30.29.240,6.4e-08,71.35,851-897_931-1049,842-901_925-1015,166,151
185,AF-A0A804HK02-F1-model_v4,AF-A0A804HK02-F1-model_v4_TED03,1.25.40.10,4.4e-09,78.87,601-781,629-794,181,166
186,AF-Q9NXH8-F1-model_v4,AF-Q9NXH8-F1-model_v4_TED01,3.40.50.300,7.7e-08,74.44,141-363,186-320_333-363,223,166
187,AF-Q6ZMZ3-F1-model_v4,AF-Q6ZMZ3-F1-model_v4_TED01,1.20.58.60,3.2e-07,72.97,2-186,3-137,185,135
188,AF-F8WCT9-F1-model_v4,AF-F8WCT9-F1-model_v4_TED02,3.40.50.300,1.2e-09,77.78,293-404,280-423,112,144
189,AF-A0A087WVD9-F1-model_v4,AF-A0A087WVD9-F1-model_v4_TED01,3.90.70.10,1.7e-08,75.68,72-122_166-291,74-228_236-293,177,213
190,AF-H0YH37-F1-model_v4,AF-H0YH37-F1-model_v4_TED01,3.40.50.980,1.8e-17,77.86,1-131,3-104,131,102
191,AF-A0A0B4J2G4-F1-model_v4,AF-A0A0B4J2G4-F1-model_v4_TED01,3.80.10.10,2.3e-14,72.57,565-789,626-790,225,165
192,AF-Q9NSI6-F1-model_v4,AF-Q9NSI6-F1-model_v4_TED02,1.20.920.10,1.8e-18,75.84,1144-1292,1156-1268,149,113
193,AF-A0A7I2V5Q6-F1-model_v4,AF-A0A7I2V5Q6-F1-model_v4_TED02,3.30.70.330,3.1e-17,77.24,98-242,122-152_159-239,145,112
194,AF-C9K0I8-F1-model_v4,AF-C9K0I8-F1-model_v4_TED01,2.60.40.10,3.2e-12,79.49,16-116,24-132,101,109
195,AF-A0A2U3TZT7-F1-model_v4,AF-A0A2U3TZT7-F1-model_v4_TED03,2.60.40.150,2.2e-15,71.6,206-331,211-362_370-381,126,164
196,AF-A0A1W2PNW6-F1-model_v4,AF-A0A1W2PNW6-F1-model_v4_TED02,3.40.50.720,7.9e-15,77.6,405-578,396-546,174,151
197,AF-Q9NQ86-F1-model_v4,AF-Q9NQ86-F1-model_v4_TED03,2.60.120.920,1.4e-18,79.0,524-723,529-602_631-714,200,158
198,AF-E9PBG3-F1-model_v4,AF-E9PBG3-F1-model_v4_TED03,2.60.120.920,8.7e-19,79.51,369-568,374-449_475-494_502-573,200,168
199,AF-Q86SP6-F1-model_v4,AF-Q86SP6-F1-model_v4_TED01,1.20.1070.10,4.4e-11,79.73,5-220_289-365,35-135_150-223_301-364,293,239
200,AF-Q0IIM8-F1-model_v4,AF-Q0IIM8-F1-model_v4_TED02,2.30.29.30,7.4e-21,78.83,144-251,138-274,108,137
201,AF-O95759-F1-model_v4,AF-O95759-F1-model_v4_TED02,2.30.29.30,1.6e-21,73.79,144-250,133-277,107,145
202,AF-Q13698-F1-model_v4,AF-Q13698-F1-model_v4_TED01,1.20.120.350,4.9000000000000005e-27,77.99,41-183,25-147_163-179,143,140
203,AF-A0A0A0MSC6-F1-model_v4,AF-A0A0A0MSC6-F1-model_v4_TED01,1.25.40.20,1.2e-24,74.01,11-180,4-141,170,138
204,AF-Q8N5S9-F1-model_v4,AF-Q8N5S9-F1-model_v4_TED01,3.30.200.20,5.6e-23,79.39,103-232,110-170_190-233,130,105
205,AF-P78357-F1-model_v4,AF-P78357-F1-model_v4_TED04,2.60.120.1000,4.5000000000000004e-29,77.11,581-779,625-781,199,157
206,AF-Q9H511-F1-model_v4,AF-Q9H511-F1-model_v4_TED01,3.30.710.10,4.8e-25,72.0,47-196,60-167,150,108
207,AF-Q8WWN8-F1-model_v4,AF-Q8WWN8-F1-model_v4_TED03,1.10.220.150,6.5e-29,76.87,492-610,498-638,119,141
208,AF-A0A2R8Y7A1-F1-model_v4,AF-A0A2R8Y7A1-F1-model_v4_TED03,2.30.29.30,2.6e-26,79.7,524-649,517-629,126,113
209,AF-Q4LE39-F1-model_v4,AF-Q4LE39-F1-model_v4_TED03,1.10.150.60,1.5e-28,76.47,282-412,267-271_304-407,131,109
210,AF-X6R7Y7-F1-model_v4,AF-X6R7Y7-F1-model_v4_TED01,2.60.120.260,8.2e-36,78.01,1-114,2-111_145-171,114,137
211,AF-Q9NYI0-F1-model_v4,AF-Q9NYI0-F1-model_v4_TED01,1.10.1000.11,5.3e-36,72.39,626-744,582-743,119,162
212,AF-Q96HP0-F1-model_v4,AF-Q96HP0-F1-model_v4_TED02,2.60.40.150,2.8000000000000002e-33,74.42,548-675,548-719,128,172
213,AF-A0A7P0TB69-F1-model_v4,AF-A0A7P0TB69-F1-model_v4_TED02,3.30.40.10,4.9e-31,76.38,176-282,186-302,107,117
214,AF-F8WEJ1-F1-model_v4,AF-F8WEJ1-F1-model_v4_TED01,3.40.50.10190,7.6e-35,72.66,20-124,32-147,105,116
215,AF-C9J456-F1-model_v4,AF-C9J456-F1-model_v4_TED01,1.20.1070.10,7.3e-34,77.36,20-178,54-176,159,123
216,AF-E9PL18-F1-model_v4,AF-E9PL18-F1-model_v4_TED01,3.30.710.10,1e-31,75.74,10-145,28-130,136,103
217,AF-P07911-F1-model_v4,AF-P07911-F1-model_v4_TED05,2.60.40.4100,1.6e-32,79.55,455-608,433-581_595-607,154,162
218,AF-C9JBV8-F1-model_v4,AF-C9JBV8-F1-model_v4_TED01,3.20.20.100,7.199999999999999e-34,78.51,6-112,18-126,107,109
219,AF-Q9BZL4-F1-model_v4,AF-Q9BZL4-F1-model_v4_TED01,1.25.40.20,1.7e-40,76.8,13-190,52-193,178,142
220,AF-A0A087X1Z3-F1-model_v4,AF-A0A087X1Z3-F1-model_v4_TED01,1.20.120.180,1.2999999999999999e-46,77.59,108-247,22-55_110-244,140,169
221,AF-Q9BYT8-F1-model_v4,AF-Q9BYT8-F1-model_v4_TED01,1.20.1050.40,6.699999999999999e-46,77.07,24-175,55-180,152,126
222,AF-Q86VE3-F1-model_v4,AF-Q86VE3-F1-model_v4_TED01,3.40.630.30,4.7e-45,72.78,526-694,530-652,169,123
223,AF-G3V4I0-F1-model_v4,AF-G3V4I0-F1-model_v4_TED02,3.30.420.150,1.3e-43,73.11,169-406,170-247_307-402,238,174
224,AF-P24046-F1-model_v4,AF-P24046-F1-model_v4_TED02,1.20.58.390,4.2e-46,79.56,279-374_441-479,285-376_461-479,135,111
225,AF-Q08999-F1-model_v4,AF-Q08999-F1-model_v4_TED02,1.10.472.140,2.1e-44,74.75,198-355,143-179_195-258_269-355,158,188
226,AF-O95822-F1-model_v4,AF-O95822-F1-model_v4_TED01,1.20.140.90,1.1e-44,73.12,32-191,39-98_135-191,160,117
227,AF-B4DML3-F1-model_v4,AF-B4DML3-F1-model_v4_TED01,3.40.50.1820,8.1e-49,73.41,38-210,41-167,173,127
228,AF-C9J255-F1-model_v4,AF-C9J255-F1-model_v4_TED01,3.90.550.10,2.5999999999999998e-46,75.59,1-213,3-140_183-205,213,161
229,AF-A0A3B3IS71-F1-model_v4,AF-A0A3B3IS71-F1-model_v4_TED02,1.10.472.140,1.4999999999999998e-42,71.58,191-338,149-177_186-246_264-339,148,166
230,AF-A0A140T927-F1-model_v4,AF-A0A140T927-F1-model_v4_TED02,3.40.50.300,1.9e-63,79.15,207-415,211-465,209,255
231,AF-E7EQM7-F1-model_v4,AF-E7EQM7-F1-model_v4_TED01,3.40.50.300,1.7e-82,76.65,19-245,32-71_85-218,227,174
232,AF-O95235-F1-model_v4,AF-O95235-F1-model_v4_TED01,3.40.850.10,1.4e-99,80.0,36-192_293-509,67-235_285-506,374,391
233,AF-O60911-F1-model_v4,AF-O60911-F1-model_v4_TED02,3.90.70.10,5.1e-122,77.29,18-334,90-334,317,245
234,AF-P0DJD0-F1-model_v4,AF-P0DJD0-F1-model_v4_TED05,2.30.29.30,4.4e-55,73.58,1005-1163,1042-1158,159,117
235,AF-O95271-F1-model_v4,AF-O95271-F1-model_v4_TED05,3.90.228.10,1.8e-55,72.6,1105-1266,1116-1312,162,197
236,AF-A0A1B0GV09-F1-model_v4,AF-A0A1B0GV09-F1-model_v4_TED02,1.25.40.20,2.1e-85,78.08,732-968,709-934,237,226
237,AF-Q5T3U5-F1-model_v4,AF-Q5T3U5-F1-model_v4_TED03,3.40.50.300,4.7e-81,73.91,1231-1483,1247-1333_1383-1482,253,187
238,AF-P56945-F1-model_v4,AF-P56945-F1-model_v4_TED03,1.20.120.230,1.6999999999999997e-52,80.0,734-870,673-678_696-722_734-869,137,169
239,AF-I3L0K7-F1-model_v4,AF-I3L0K7-F1-model_v4_TED02,3.30.230.80,6.9e-64,78.95,85-255,90-224,171,135
240,AF-Q8NA29-F1-model_v4,AF-Q8NA29-F1-model_v4_TED01,1.20.1250.20,4.4e-06,86.84,42-222_255-294,41-78_89-221_249-282,221,205
241,AF-H7C012-F1-model_v4,AF-H7C012-F1-model_v4_TED02,3.40.50.1110,1.9e-10,84.06,102-278_311-402,99-418,269,320
242,AF-Q96BF3-F1-model_v4,AF-Q96BF3-F1-model_v4_TED01,2.60.40.10,3.2e-09,87.79,15-145,21-135,131,115
243,AF-Q93033-F1-model_v4,AF-Q93033-F1-model_v4_TED06,2.60.40.10,2.4e-06,86.76,672-795,678-807,124,130
244,AF-C9JMG5-F1-model_v4,AF-C9JMG5-F1-model_v4_TED01,1.25.40.90,1.4e-10,87.31,11-127,11-144,117,134
245,AF-P11274-F1-model_v4,AF-P11274-F1-model_v4_TED04,2.60.40.150,5.3e-08,85.61,908-1034,910-982_995-1039,127,118
246,AF-Q8WYP3-F1-model_v4,AF-Q8WYP3-F1-model_v4_TED01,3.30.505.10,1.6e-07,81.34,81-195,87-214,115,128
247,AF-Q6ZWE6-F1-model_v4,AF-Q6ZWE6-F1-model_v4_TED02,2.30.29.30,2.4e-10,84.75,353-470,363-462,118,100
248,AF-Q5TDH4-F1-model_v4,AF-Q5TDH4-F1-model_v4_TED02,3.40.30.10,1.7e-06,83.85,138-263,134-246,126,113
249,AF-Q96MI9-F1-model_v4,AF-Q96MI9-F1-model_v4_TED01,1.25.10.10,9.5e-08,81.85,3-272,9-229,270,221
250,AF-Q8WWV6-F1-model_v4,AF-Q8WWV6-F1-model_v4_TED01,2.60.40.10,2e-20,83.87,58-181,68-171,124,104
251,AF-G3V434-F1-model_v4,AF-G3V434-F1-model_v4_TED01,3.50.50.60,9.8e-20,87.86,33-170,39-75_85-172,138,125
252,AF-Q9BQG2-F1-model_v4,AF-Q9BQG2-F1-model_v4_TED01,1.25.40.20,6.9e-18,84.03,2-120,2-101,119,100
253,AF-P49588-F1-model_v4,AF-P49588-F1-model_v4_TED04,2.40.30.130,1.7e-13,81.89,490-593,468-594,104,127
254,AF-J3QLM0-F1-model_v4,AF-J3QLM0-F1-model_v4_TED01,2.60.40.10,1.5e-16,81.89,25-151,30-133,127,104
255,AF-Q96JT2-F1-model_v4,AF-Q96JT2-F1-model_v4_TED01,1.20.1250.20,2.2e-12,88.94,9-227,2-154_166-220,219,208
256,AF-A0A590UJB1-F1-model_v4,AF-A0A590UJB1-F1-model_v4_TED08,2.60.120.200,1.2e-17,81.98,988-1209,1001-1016_1035-1200,222,182
257,AF-O60245-F1-model_v4,AF-O60245-F1-model_v4_TED01,2.60.40.60,4.7e-11,89.38,24-136,35-135,113,101
258,AF-F8WCM8-F1-model_v4,AF-F8WCM8-F1-model_v4_TED03,2.60.40.10,8e-15,86.32,370-486,375-414_425-485,117,101
259,AF-Q8IZ52-F1-model_v4,AF-Q8IZ52-F1-model_v4_TED01,3.90.550.50,1.8e-14,85.27,110-367,111-330,258,220
260,AF-Q5TFQ5-F1-model_v4,AF-Q5TFQ5-F1-model_v4_TED01,2.60.40.10,4.5000000000000005e-26,89.26,31-151,34-141,121,108
261,AF-Q9Y5X9-F1-model_v4,AF-Q9Y5X9-F1-model_v4_TED02,2.60.60.20,1.1e-24,87.77,347-485,348-428_444-484,139,122
262,AF-A0A0G2JQ91-F1-model_v4,AF-A0A0G2JQ91-F1-model_v4_TED03,2.60.120.200,3.3999999999999995e-23,88.68,337-495,353-493,159,141
263,AF-E7ET15-F1-model_v4,AF-E7ET15-F1-model_v4_TED03,1.25.40.90,3.9000000000000003e-29,89.24,532-689,536-676,158,141
264,AF-Q8IV13-F1-model_v4,AF-Q8IV13-F1-model_v4_TED01,1.10.472.10,1.3e-25,82.39,179-313,20-26_196-312,135,124
265,AF-D6RIH8-F1-model_v4,AF-D6RIH8-F1-model_v4_TED03,2.60.40.60,2.7e-22,89.66,264-379,273-376,116,104
266,AF-F5GYS6-F1-model_v4,AF-F5GYS6-F1-model_v4_TED02,3.40.30.10,3.5e-28,85.27,38-166,53-162,129,110
267,AF-H3BTK5-F1-model_v4,AF-H3BTK5-F1-model_v4_TED01,3.40.395.10,1.9999999999999998e-30,89.23,1-130,5-120,130,116
268,AF-P82279-F1-model_v4,AF-P82279-F1-model_v4_TED02,2.60.120.200,1.4999999999999997e-23,89.36,484-671,485-619_637-669,188,168
269,AF-Q9NZS2-F1-model_v4,AF-Q9NZS2-F1-model_v4_TED02,3.10.100.10,1.7000000000000002e-27,89.6,107-231,120-231,125,112
270,AF-B7Z676-F1-model_v4,AF-B7Z676-F1-model_v4_TED01,1.20.1530.20,4.2999999999999997e-38,82.24,87-363,114-390,277,277
271,AF-Q8IV04-F1-model_v4,AF-Q8IV04-F1-model_v4_TED02,1.10.472.80,7.9e-31,89.03,210-356,218-355_365-372,147,146
272,AF-Q00653-F1-model_v4,AF-Q00653-F1-model_v4_TED02,2.60.40.10,3.4999999999999998e-40,85.47,225-341,231-330,117,100
273,AF-A0A5F9ZI62-F1-model_v4,AF-A0A5F9ZI62-F1-model_v4_TED01,3.30.450.60,5.4e-37,86.21,1-116,3-102,116,100
274,AF-A0A7P0T8U8-F1-model_v4,AF-A0A7P0T8U8-F1-model_v4_TED01,2.130.10.10,9.9e-37,85.34,69-359,62-402,291,341
275,AF-A2A2Q9-F1-model_v4,AF-A2A2Q9-F1-model_v4_TED01,2.60.34.20,6.3e-38,82.76,18-162,18-137,145,120
276,AF-Q9C0D5-F1-model_v4,AF-Q9C0D5-F1-model_v4_TED04,1.25.40.20,2.6e-34,86.81,1146-1281,1138-1270,136,133
277,AF-O75616-F1-model_v4,AF-O75616-F1-model_v4_TED01,3.40.50.300,2e-32,82.87,107-256_302-340,95-266_297-330,189,206
278,AF-D6RFE8-F1-model_v4,AF-D6RFE8-F1-model_v4_TED01,3.40.720.10,8.2e-33,85.61,1-264,3-228,264,226
279,AF-A0A5F9ZI37-F1-model_v4,AF-A0A5F9ZI37-F1-model_v4_TED02,3.90.1140.10,2.0999999999999998e-40,85.86,129-319,136-289_303-312,191,164
280,AF-H3BSJ9-F1-model_v4,AF-H3BSJ9-F1-model_v4_TED01,3.30.830.10,2.0999999999999997e-42,88.61,15-249,40-251,235,212
281,AF-Q7Z304-F1-model_v4,AF-Q7Z304-F1-model_v4_TED04,2.60.120.200,1.6000000000000002e-47,84.62,497-678,509-662,182,154
282,AF-E9PIF2-F1-model_v4,AF-E9PIF2-F1-model_v4_TED02,3.40.50.300,3.7e-48,84.98,282-534,289-503,253,215
283,AF-A0A804HJN6-F1-model_v4,AF-A0A804HJN6-F1-model_v4_TED04,1.10.730.10,2.8999999999999997e-48,86.63,641-841,640-815,201,176
284,AF-A0A2R8Y6P0-F1-model_v4,AF-A0A2R8Y6P0-F1-model_v4_TED01,3.40.1170.10,4.2e-43,89.52,1-124,14-124,124,111
285,AF-A0A3B3ISZ5-F1-model_v4,AF-A0A3B3ISZ5-F1-model_v4_TED04,3.40.50.300,5.3e-47,82.65,717-888,727-890_898-919,172,186
286,AF-F5H8F7-F1-model_v4,AF-F5H8F7-F1-model_v4_TED01,3.90.980.20,1.2999999999999998e-42,84.4,1-141,5-123,141,119
287,AF-A0A1C7CYY6-F1-model_v4,AF-A0A1C7CYY6-F1-model_v4_TED01,1.20.900.10,3.7e-47,89.38,46-271,67-268,226,202
288,AF-F8WE98-F1-model_v4,AF-F8WE98-F1-model_v4_TED01,1.10.418.10,1.6999999999999998e-42,89.92,11-139,23-138,129,116
289,AF-A6NCT7-F1-model_v4,AF-A6NCT7-F1-model_v4_TED01,2.60.120.200,1.4e-47,86.94,34-255,51-243,222,193
290,AF-B8ZZZ0-F1-model_v4,AF-B8ZZZ0-F1-model_v4_TED01,3.90.226.10,5.0000000000000005e-70,87.3,85-273,107-271,189,165
291,AF-P32745-F1-model_v4,AF-P32745-F1-model_v4_TED01,1.20.1070.10,7.5e-86,84.37,32-370,39-238_245-330,339,286
292,AF-A0A6Q8PH25-F1-model_v4,AF-A0A6Q8PH25-F1-model_v4_TED01,1.25.10.10,2.2e-58,88.39,1-263,28-267,263,240
293,AF-P30304-F1-model_v4,AF-P30304-F1-model_v4_TED01,3.40.250.10,6.6e-71,86.34,335-516,334-492,182,159
294,AF-A0A140TA13-F1-model_v4,AF-A0A140TA13-F1-model_v4_TED01,3.30.500.10,1.7e-87,86.83,18-205,28-222,188,195
295,AF-Q8N9B8-F1-model_v4,AF-Q8N9B8-F1-model_v4_TED02,1.10.840.10,3.3e-66,83.45,203-480,210-249_256-447,278,232
296,AF-C9JJH3-F1-model_v4,AF-C9JJH3-F1-model_v4_TED01,3.90.70.10,8.3e-81,89.14,73-378,82-203_222-385,306,286
297,AF-C9J8F3-F1-model_v4,AF-C9J8F3-F1-model_v4_TED01,3.20.20.70,2.3e-63,81.76,2-149,28-148,148,121
298,AF-A0A494C0P1-F1-model_v4,AF-A0A494C0P1-F1-model_v4_TED02,1.10.565.10,4.199999999999999e-68,83.4,488-746,526-741,259,216
299,AF-A0A2U3TZK9-F1-model_v4,AF-A0A2U3TZK9-F1-model_v4_TED01,3.90.1480.20,3.5e-57,83.33,87-404,115-132_156-402,318,265
300,AF-H7BY05-F1-model_v4,AF-H7BY05-F1-model_v4_TED01,2.30.42.10,1.3e-08,92.66,133-241,139-239,109,101
301,AF-P02765-F1-model_v4,AF-P02765-F1-model_v4_TED02,3.10.450.10,4.1e-08,92.79,150-260,151-253,111,103
302,AF-A0A7P0TB21-F1-model_v4,AF-A0A7P0TB21-F1-model_v4_TED02,2.60.40.10,7e-08,96.33,73-177,73-181,105,109
303,AF-Q9NQW1-F1-model_v4,AF-Q9NQW1-F1-model_v4_TED03,1.20.940.10,1.9e-10,92.11,1065-1178,1074-1178,114,105
304,AF-A0A6Q8PFE8-F1-model_v4,AF-A0A6Q8PFE8-F1-model_v4_TED03,3.40.50.720,1.1e-09,97.24,311-454,310-451,144,142
305,AF-F8VSD8-F1-model_v4,AF-F8VSD8-F1-model_v4_TED01,1.25.70.10,2.8e-09,96.35,42-178,47-178,137,132
306,AF-J3QL26-F1-model_v4,AF-J3QL26-F1-model_v4_TED01,1.25.10.10,4.2e-08,97.01,2-135,5-134,134,130
307,AF-Q5T097-F1-model_v4,AF-Q5T097-F1-model_v4_TED02,1.20.58.60,5.7e-08,95.58,251-358,246-358,108,113
308,AF-Q9P2B2-F1-model_v4,AF-Q9P2B2-F1-model_v4_TED01,2.60.40.10,1.3e-08,94.57,18-146,21-142,129,122
309,AF-Q8WUY8-F1-model_v4,AF-Q8WUY8-F1-model_v4_TED01,3.40.630.30,1.7e-07,91.71,2-189,2-206,188,205
310,AF-C9K011-F1-model_v4,AF-C9K011-F1-model_v4_TED01,1.20.1540.10,9.8e-18,93.62,20-151,11-151,132,141
311,AF-Q5JSJ4-F1-model_v4,AF-Q5JSJ4-F1-model_v4_TED01,3.40.50.410,1.1e-11,96.02,3-228,4-179_188-228,226,217
312,AF-Q4G0N8-F1-model_v4,AF-Q4G0N8-F1-model_v4_TED03,1.20.120.350,6.6e-12,97.71,602-730,600-729,129,130
313,AF-U3KPS1-F1-model_v4,AF-U3KPS1-F1-model_v4_TED01,2.40.70.10,2.1e-14,95.15,8-107,5-105,100,101
314,AF-G3V2H4-F1-model_v4,AF-G3V2H4-F1-model_v4_TED01,1.10.532.10,1.1e-15,97.12,1-104,4-104,104,101
315,AF-Q9ULE0-F1-model_v4,AF-Q9ULE0-F1-model_v4_TED02,2.60.40.150,4.7e-11,95.31,600-727,604-725,128,122
316,AF-Q14CM0-F1-model_v4,AF-Q14CM0-F1-model_v4_TED05,2.30.29.30,6.7e-18,91.6,419-535,417-527,117,111
317,AF-J3QRQ1-F1-model_v4,AF-J3QRQ1-F1-model_v4_TED02,2.60.40.10,8.2e-18,93.46,110-216,117-216,107,100
318,AF-Q86XQ3-F1-model_v4,AF-Q86XQ3-F1-model_v4_TED01,1.20.120.350,4.7e-12,96.83,39-163,38-160,125,123
319,AF-Q5STV6-F1-model_v4,AF-Q5STV6-F1-model_v4_TED01,1.25.40.20,2e-11,98.33,1-119,2-120,119,119
320,AF-C9JNT3-F1-model_v4,AF-C9JNT3-F1-model_v4_TED01,3.40.30.10,2.1e-21,96.26,12-118,16-118,107,103
321,AF-C9JLB7-F1-model_v4,AF-C9JLB7-F1-model_v4_TED02,3.40.50.80,1e-26,93.38,180-330,189-329,151,141
322,AF-Q9UN72-F1-model_v4,AF-Q9UN72-F1-model_v4_TED01,2.60.40.60,1.1000000000000001e-27,94.34,21-126,26-125,106,100
323,AF-G5E9U8-F1-model_v4,AF-G5E9U8-F1-model_v4_TED02,3.90.228.10,1.3999999999999999e-24,97.22,195-369,190-369,175,180
324,AF-B0QYT4-F1-model_v4,AF-B0QYT4-F1-model_v4_TED01,3.80.10.10,2.2999999999999998e-23,95.61,20-133,23-131,114,109
325,AF-Q70CQ1-F1-model_v4,AF-Q70CQ1-F1-model_v4_TED01,3.30.40.10,2.7e-22,96.23,1-103,2-106,103,105
326,AF-Q9Y6W3-F1-model_v4,AF-Q9Y6W3-F1-model_v4_TED04,3.90.70.10,7.899999999999999e-23,98.51,407-538,405-538,132,134
327,AF-Q5T1M5-F1-model_v4,AF-Q5T1M5-F1-model_v4_TED02,3.10.50.40,3.2e-22,92.68,170-292,178-291,123,114
328,AF-D6RER2-F1-model_v4,AF-D6RER2-F1-model_v4_TED02,2.60.40.60,4.8e-30,96.23,158-263,159-260,106,102
329,AF-A0A6Q8PF58-F1-model_v4,AF-A0A6Q8PF58-F1-model_v4_TED03,2.60.40.60,1.7000000000000002e-27,91.6,292-410,297-405,119,109
330,AF-P31327-F1-model_v4,AF-P31327-F1-model_v4_TED03,3.40.50.20,1.9e-39,91.67,416-534,425-535,119,111
331,AF-K7EKD2-F1-model_v4,AF-K7EKD2-F1-model_v4_TED01,1.25.40.20,1.5e-34,92.42,32-163,37-158,132,122
332,AF-M0QYI1-F1-model_v4,AF-M0QYI1-F1-model_v4_TED01,2.60.200.20,8.2e-33,91.82,1-110,9-109,110,101
333,AF-H0YAN0-F1-model_v4,AF-H0YAN0-F1-model_v4_TED01,1.20.120.350,4.6e-32,95.59,81-215,80-210,135,131
334,AF-A0A6Q8PGZ8-F1-model_v4,AF-A0A6Q8PGZ8-F1-model_v4_TED05,3.40.50.800,9.2e-39,92.74,613-736,615-729,124,115
335,AF-P53708-F1-model_v4,AF-P53708-F1-model_v4_TED02,2.60.40.1460,3.1e-39,96.2,487-644,487-638,158,152
336,AF-Q9Y2I9-F1-model_v4,AF-Q9Y2I9-F1-model_v4_TED03,1.10.472.80,3e-32,100.0,375-535,375-535,161,161
337,AF-E7EV01-F1-model_v4,AF-E7EV01-F1-model_v4_TED03,2.60.120.380,5.9e-39,92.52,393-539,396-452_461-539,147,136
338,AF-Q9NS18-F1-model_v4,AF-Q9NS18-F1-model_v4_TED01,3.40.30.10,1.2e-35,99.1,54-164,55-164,111,110
339,AF-A0A1W2PRG0-F1-model_v4,AF-A0A1W2PRG0-F1-model_v4_TED02,1.20.1050.10,6.4e-36,91.88,82-241,90-236,160,147
340,AF-O00214-F1-model_v4,AF-O00214-F1-model_v4_TED02,2.60.120.200,3.7e-44,98.03,166-317,169-317,152,149
341,AF-A0A1B0GTC3-F1-model_v4,AF-A0A1B0GTC3-F1-model_v4_TED02,1.20.58.1470,8.4e-43,99.25,331-464,332-464,134,133
342,AF-Q86YH6-F1-model_v4,AF-Q86YH6-F1-model_v4_TED01,1.10.600.10,9.9e-47,92.61,63-398,47-301_311-397,336,342
343,AF-Q96NU0-F1-model_v4,AF-Q96NU0-F1-model_v4_TED01,2.60.120.260,7.3e-47,91.56,26-174,34-179,149,146
344,AF-P22695-F1-model_v4,AF-P22695-F1-model_v4_TED02,3.30.830.10,1.8e-46,92.16,250-453,256-443,204,188
345,AF-Q8IYB5-F1-model_v4,AF-Q8IYB5-F1-model_v4_TED01,1.10.220.150,3.3e-49,96.38,4-137,5-141,134,137
346,AF-A0A804HJC2-F1-model_v4,AF-A0A804HJC2-F1-model_v4_TED01,1.10.418.10,7.399999999999999e-42,95.24,1-126,6-125,126,120
347,AF-F8W1J4-F1-model_v4,AF-F8W1J4-F1-model_v4_TED01,1.10.418.70,4.0999999999999995e-48,96.09,1-128,2-124,128,123
348,AF-Q9UHJ6-F1-model_v4,AF-Q9UHJ6-F1-model_v4_TED01,3.30.420.40,3.5e-49,96.25,1-267,7-263,267,257
349,AF-I3L0K7-F1-model_v4,AF-I3L0K7-F1-model_v4_TED03,1.20.120.790,5.2e-43,95.0,356-495,363-495,140,133
350,AF-P30530-F1-model_v4,AF-P30530-F1-model_v4_TED06,1.10.510.10,1e-59,93.88,623-818,627-810,196,184
351,AF-E9PCD7-F1-model_v4,AF-E9PCD7-F1-model_v4_TED03,2.70.98.30,8.900000000000001e-56,97.56,515-795,509-794,281,286
352,AF-Q969G6-F1-model_v4,AF-Q969G6-F1-model_v4_TED01,2.40.30.30,7.6e-60,94.67,2-148,7-151,147,145
353,AF-Q9NXS2-F1-model_v4,AF-Q9NXS2-F1-model_v4_TED01,3.40.630.10,1.9e-103,95.85,70-382,82-381,313,300
354,AF-P09467-F1-model_v4,AF-P09467-F1-model_v4_TED02,3.40.190.80,1.9e-56,91.3,201-335,210-338,135,129
355,AF-O95479-F1-model_v4,AF-O95479-F1-model_v4_TED03,3.40.50.1360,2.6e-59,97.59,548-790,543-791,243,249
356,AF-A0A3B3ITV3-F1-model_v4,AF-A0A3B3ITV3-F1-model_v4_TED01,2.130.10.10,1.7e-98,92.19,1-320,3-171_194-319,320,295
357,AF-P19447-F1-model_v4,AF-P19447-F1-model_v4_TED03,3.40.50.300,1.4000000000000001e-80,94.87,497-730,504-725,234,222
358,AF-E9PKV4-F1-model_v4,AF-E9PKV4-F1-model_v4_TED01,2.60.40.340,1.5e-66,97.06,20-189,21-185,170,165
359,AF-M0QZ10-F1-model_v4,AF-M0QZ10-F1-model_v4_TED02,3.20.10.10,3.8e-65,95.45,207-377,210-382,171,173
